Category,Model,Params(M),GFLOPs,AP,AP50
Real-time Object Detectors,YOLOV8-M,25.9,78.9,24.6,40.7
Real-time Object Detectors,YOLOV8-L,43.7,165.2,26.1,42.7
Real-time Object Detectors,YOLOV9-S,7.2,26.7,22.7,38.3
Real-time Object Detectors,YOLOV9-M,20.1,76.8,25.2,42.0
Real-time Object Detectors,YOLOV10-M,15.4,59.1,24.5,40.5
Real-time Object Detectors,YOLOV10-L,24.4,120.3,26.3,43.1
Real-time Object Detectors,YOLOV11-S,9.4,21.3,23.0,38.7
Real-time Object Detectors,YOLOV11-M,20.0,67.7,25.9,43.1
Object Detectors for UAV Imagery,ClusDet,30.2,207,26.7,50.6
Object Detectors for UAV Imagery,HIC-YOLOV5[27],9.4,31.7,26.0,44.3
End-to-end Object Detectors,DETR,60,187,24.1,40.1
End-to-end Object Detectors,Deformable DETR[6],40,173,27.1,42.2
End-to-end Object Detectors,RT-DETR-R18,20,60,26.7,44.6
End-to-end Object Detectors,RT-DETR-R50,42,136,28.4,47.0
Our Model,Model-R18,20.8,79,27.5,45.9
Our Model,Model-R50,42.9,172,29.4,47.9